"COD_parcela";"Especie";"nr_arboles"
"1-A-4";"45";24
"10-A-1";"25";11
"10-A-1";"45";11
"100-A-1";"24";2
"100-A-1";"25";14
"100-A-1";"45";4
"1000-A-4";"26";44
"1000-A-4";"45";11
"1001-A-1";"25";22
"1001-A-1";"26";18
"1008-A-1";"24";6
"1015-A-3C";"21";1
"1015-A-3C";"24";1
"1015-A-3C";"25";4
"1015-A-3E";"25";1
"1018-A-1";"21";31
"1018-A-1";"25";23
"1019-A-1";"24";5
"1020-A-1";"24";8
"1021-A-4";"21";2
"1021-A-4";"25";8
"1022-A-3C";"21";3
"1022-A-3C";"25";2
"1022-A-3E";"25";1
"1028-A-3C";"21";1
"1028-A-3C";"25";1
"1029-A-1";"21";3
"1029-A-1";"25";10
"1029-A-1";"29";2
"103-A-1";"45";9
"1031-A-3C";"24";6
"1031-A-3C";"25";1
"1031-A-3C";"45";1
"1032-A-4";"25";12
"1032-A-4";"26";9
"1033-A-1";"25";1
"1033-A-1";"45";3
"1035-A-1";"21";11
"1035-A-1";"25";5
"1036-A-3C";"45";2
"1036-A-3E";"25";3
"1036-A-3E";"45";1
"1038-A-3C";"45";10
"1038-A-3C";NA;4
"1038-A-3E";"25";10
"1039-A-4";"24";4
"104-A-1";"25";14
"1040-A-1";"24";12
"1044-A-1";"26";8
"1046-A-1";"24";10
"1047-A-1";"24";26
"1048-A-1";"24";18
"105-A-1";"24";5
"105-A-1";"25";5
"1055-A-1";"24";15
"1059-A-3C";"24";18
"1060-A-3C";"26";1
"1060-A-3C";"45";1
"1061-A-1";"24";16
"1062-A-1";"24";21
"1063-A-3C";"26";3
"1063-A-3C";NA;2
"1063-A-3E";"26";17
"1066-A-1";"45";6
"1068-A-1";"45";4
"107-A-1";"24";2
"107-A-1";"25";1
"107-A-1";"45";4
"1070-A-4";"26";11
"1071-A-1";"24";1
"1071-A-1";"26";3
"1073-A-1";"25";26
"1073-A-1";"26";1
"1074-A-1";"26";44
"1075-A-1";"26";77
"1079-A-1";"25";7
"1080-A-1";"25";3
"1082-A-1";"25";18
"1082-A-1";"26";1
"1082-A-1";"57";3
"1082-A-1";"215";1
"1083-A-1";"25";11
"1083-A-1";"26";20
"1083-A-1";NA;5
"1087-A-1";"26";10
"1088-A-1";"25";10
"1088-A-1";"26";9
"1090-A-1";"21";6
"1090-A-1";"25";5
"1091-A-3C";"25";3
"1091-A-3E";"21";1
"1091-A-3E";"25";4
"1092-A-3C";"25";3
"1092-A-3C";"45";3
"1092-A-3E";"25";16
"1092-A-3E";"45";1
"1093-A-1";"25";7
"1093-A-1";"45";1
"1093-A-1";"317";2
"1094-A-1";"25";2
"1094-A-1";"26";1
"1094-A-1";"45";1
"1095-A-3C";"21";8
"1095-A-3C";"25";4
"1095-A-3C";NA;1
"1095-A-3E";"21";10
"1095-A-3E";"25";4
"1096-A-1";"21";32
"1097-A-1";"45";2
"1098-A-1";"26";2
"1098-A-1";"45";5
"1099-A-1";"25";5
"1099-A-1";"45";7
"11-A-4";"25";10
"11-A-4";"45";5
"1102-A-3C";"25";2
"1102-A-3C";"29";3
"1102-A-3E";"25";5
"1105-A-3C";"25";1
"1105-A-3E";"25";3
"1106-A-1";"21";9
"1106-A-1";"25";13
"1107-A-1";"25";11
"1107-A-1";"26";17
"1109-A-1";"15";2
"1109-A-1";"45";3
"1109-A-1";"58";1
"1109-A-1";NA;2
"111-A-3C";"45";11
"111-A-3E";"45";2
"1110-A-1";"25";12
"1111-A-1";"25";20
"1112-A-1";"21";1
"1112-A-1";"25";31
"1112-A-1";NA;2
"1113-A-3C";"21";5
"1113-A-3C";"25";8
"1113-A-3E";"21";12
"1113-A-3E";"25";12
"1113-A-3E";"45";1
"1114-A-1";"21";3
"1114-A-1";"25";9
"1115-A-1";"21";13
"1115-A-1";"25";4
"1115-A-1";NA;6
"1116-A-1";"25";2
"1116-A-1";"26";2
"1117-A-1";"21";6
"1117-A-1";"25";4
"1118-A-4";"21";3
"1118-A-4";"25";6
"1118-A-4";"26";2
"1119-A-3C";"45";7
"1119-A-3E";"25";3
"1119-A-3E";"26";8
"1119-A-3E";"45";6
"112-A-1";"24";13
"112-A-1";"25";9
"1120-A-1";"21";6
"1120-A-1";"25";5
"1120-A-1";"26";4
"1121-A-4";"25";22
"1122-A-1";"25";1
"1123-A-1";"21";11
"1123-A-1";"25";12
"1124-A-3C";"25";4
"1124-A-3E";"25";8
"1125-A-3C";"25";2
"1125-A-3C";"45";28
"1125-A-3E";"45";15
"1126-A-1";"45";10
"1127-A-1";"21";1
"1127-A-1";"45";5
"1130-A-1";"95";2
"1130-A-1";"215";1
"1130-A-1";"258";7
"1131-A-1";"21";13
"1131-A-1";"25";5
"1132-A-1";"25";12
"1133-A-1";"21";9
"1133-A-1";"25";13
"1134-A-1";"21";2
"1134-A-1";"25";9
"1134-A-1";NA;1
"1135-A-1";"21";2
"1135-A-1";"25";8
"1135-A-1";NA;5
"1136-A-1";"21";5
"1136-A-1";"25";6
"1136-A-1";NA;3
"1137-A-1";"21";14
"1137-A-1";"25";4
"1138-A-1";"21";26
"1138-A-1";"25";6
"1139-A-1";"21";10
"1139-A-1";"25";11
"114-A-3C";"25";10
"114-A-3E";"24";4
"1140-A-1";"21";12
"1140-A-1";"25";12
"1141-A-1";"45";2
"1143-A-1";"45";4
"1144-A-1";"45";10
"1145-A-1";"45";2
"1145-A-1";NA;2
"1148-A-3C";"45";8
"1148-A-3E";"45";12
"1149-A-1";"45";1
"1149-A-1";"93";2
"115-A-3C";"24";6
"115-A-3C";"45";3
"115-A-3E";"24";8
"115-A-3E";"25";11
"1151-A-1";"45";7
"1152-A-1";"45";4
"1153-A-1";"45";1
"1154-A-1";"44";1
"1154-A-1";"45";3
"1155-A-1";"45";17
"1156-A-1";"44";2
"1156-A-1";"45";8
"1158-A-1";"24";17
"1161-A-1";"24";18
"1165-A-1";"45";6
"1171-A-1";"45";1
"1173-A-1";"24";32
"1173-A-1";NA;2
"1176-A-3E";"24";15
"1177-A-1";"24";18
"1177-A-1";"26";3
"1180-A-1";"24";7
"1181-A-1";"24";15
"1181-A-1";"26";1
"1182-A-1";"24";19
"1182-A-1";NA;2
"1184-A-3C";"24";2
"1184-A-3C";"25";1
"1184-A-3C";"26";20
"1184-A-3E";"24";10
"1184-A-3E";"26";33
"1187-A-1";"26";20
"1187-A-1";"45";2
"1188-A-1";"24";11
"1188-A-1";"26";10
"1188-A-1";NA;6
"1189-A-1";"24";20
"119-A-1";"45";5
"1191-A-4";"24";3
"1191-A-4";"26";8
"1193-A-1";"24";36
"1193-A-1";NA;6
"1196-A-1";"24";9
"1197-A-1";"24";8
"1197-A-1";"26";2
"12-A-1";"25";13
"12-A-1";"45";3
"120-A-1";"24";22
"120-A-1";"45";3
"1200-A-3C";"24";18
"1200-A-3C";"25";1
"1200-A-3C";"26";2
"1200-A-3E";"25";2
"1200-A-3E";"26";1
"1201-A-1";"25";7
"1201-A-1";"26";2
"1202-A-4";"26";8
"1203-A-1";"45";6
"1204-A-1";"24";9
"1205-A-4C";"24";16
"1206-A-1";"24";11
"1207-A-1";"24";42
"1207-A-1";"25";11
"1207-A-1";"26";3
"1208-A-1";"45";10
"121-A-1";"24";6
"121-A-1";"45";1
"1211-A-1";"26";7
"1214-A-1";"24";11
"1216-A-1";"26";17
"1219-A-1";"21";30
"122-A-3C";"24";9
"122-A-3C";"25";4
"1220-A-1";"21";36
"1220-A-1";"25";6
"1220-A-1";"26";24
"1221-A-1";"24";6
"1221-A-1";"45";8
"1222-A-1";"44";6
"1222-A-1";"45";1
"1222-A-1";"55";7
"1222-A-1";"95";1
"1223-A-1";"21";2
"1223-A-1";"25";8
"1223-A-1";"45";3
"1224-A-3C";"25";14
"1224-A-3C";"26";12
"1225-A-1";"45";13
"1226-A-1";"45";5
"1228-A-1";"21";23
"1228-A-1";"29";2
"1229-A-1";"21";1
"1229-A-1";"25";22
"1229-A-1";"26";29
"123-A-1";"24";15
"123-A-1";"25";1
"1230-A-1";"25";8
"1230-A-1";"26";6
"1231-A-4";"43";1
"1232-A-3C";"43";17
"1232-A-3E";"43";16
"1233-A-1";"13";1
"1233-A-1";"45";1
"1233-A-1";"72";1
"1233-A-1";"93";3
"1233-A-1";"95";1
"1234-A-4";"55";4
"1234-A-4";"215";2
"1236-A-1";"21";45
"1236-A-1";"25";7
"1237-A-3C";"21";21
"1237-A-3C";"25";13
"1237-A-3E";"26";49
"1238-A-1";"21";2
"1239-A-1";"21";4
"1240-A-1";"21";26
"1241-A-4";"45";1
"1241-A-4";"657";1
"1244-A-1";"25";1
"1244-A-1";"26";43
"1245-A-3C";"25";1
"1245-A-3C";"26";4
"1245-A-3E";"21";3
"1245-A-3E";"25";2
"1245-A-3E";"26";7
"1245-A-3E";"45";3
"1245-A-3E";"93";1
"1246-A-1";"45";2
"1247-A-3C";"45";15
"1247-A-3E";"476";2
"1249-A-1";"25";2
"1249-A-1";"26";22
"125-A-1";"24";12
"125-A-1";"25";2
"1252-A-1";"43";35
"1253-A-1";"25";11
"1253-A-1";"45";18
"1253-A-1";NA;2
"1254-A-1";"21";1
"1256-A-1";"45";13
"126-A-4";"25";1
"1260-A-1";"21";6
"1260-A-1";"25";6
"1263-A-1";"43";2
"1264-A-1";"476";4
"1265-A-4";"21";3
"1268-A-1";"26";3
"1269-A-1";"26";13
"1270-A-1";"26";17
"1271-A-1";"26";3
"1271-A-1";"45";3
"1272-A-3C";"26";20
"1272-A-3E";"25";1
"1272-A-3E";"26";1
"1276-A-1";"21";3
"1279-A-1";"26";9
"1280-A-1";"21";19
"1280-A-1";"25";24
"1285-A-4";"43";21
"1288-A-1";"26";14
"1289-A-1";"21";33
"1290-A-1";"21";7
"1298-A-1";"45";12
"1299-A-1";"21";19
"1299-A-1";"22";28
"13-A-1";"25";9
"13-A-1";"45";20
"13-A-1";NA;2
"1302-A-1";"26";20
"1302-A-1";"45";2
"1303-A-4";"26";17
"1305-A-1";"26";9
"1305-A-1";NA;9
"1306-A-1";"26";27
"1307-A-1";"26";1
"1307-A-1";"45";5
"1309-A-1";"26";25
"1309-A-1";NA;11
"1310-A-4";"17";2
"1310-A-4";"26";9
"1310-A-4";"29";12
"1310-A-4";"45";3
"1311-A-1";"26";26
"1311-A-1";NA;15
"1312-A-1";"26";5
"1312-A-1";"45";1
"1312-A-1";NA;2
"1313-A-1";"26";7
"1313-A-1";"45";3
"1314-A-1";"21";6
"1315-A-1";"26";30
"1315-A-1";NA;3
"1316-A-1";"21";1
"1316-A-1";"26";8
"1316-A-1";"45";3
"1318-A-1";"25";1
"1318-A-1";"45";1
"1319-A-1";"24";1
"1319-A-1";"26";1
"1319-A-1";"45";1
"132-A-1";"25";7
"1320-A-1";"25";17
"1321-A-3C";"21";19
"1321-A-3C";"25";2
"1321-A-3C";"26";12
"1321-A-3E";"25";2
"1321-A-3E";"26";8
"1322-A-1";"45";1
"1323-A-3C";"26";10
"1323-A-3E";"26";1
"1324-A-1";"21";1
"1324-A-1";"25";9
"1324-A-1";"45";3
"1325-A-1";"26";39
"1326-A-3C";"26";7
"1326-A-3C";"45";3
"1326-A-3E";"26";14
"1327-A-3C";"25";34
"1327-A-3C";"26";1
"1327-A-3E";"25";10
"1327-A-3E";"26";1
"1327-A-3E";"45";11
"1328-A-3C";"21";24
"1328-A-3C";"25";15
"1328-A-3E";"21";40
"1329-A-1";"26";7
"1329-A-1";"45";1
"1330-A-3C";"26";25
"1330-A-3E";"45";1
"1331-A-4";"26";10
"1331-A-4";"29";8
"1332-A-1";"26";31
"1333-A-1";"25";4
"1333-A-1";"26";45
"1334-A-1";"26";28
"1335-A-4";"21";19
"1335-A-4";"25";8
"1335-A-4";"26";9
"1336-A-1";"45";8
"1336-A-1";NA;2
"1338-A-1";"25";1
"1338-A-1";"26";38
"1339-A-1";"25";19
"1339-A-1";NA;4
"134-A-1";"25";8
"134-A-1";"45";1
"1340-A-1";"21";1
"1340-A-1";"26";20
"1341-A-1";"21";3
"1341-A-1";"26";18
"1342-A-1";"25";48
"1343-A-4C";"21";7
"1343-A-4C";"26";19
"1343-A-4C";"45";1
"1344-A-1";"45";2
"1344-A-1";NA;1
"1345-A-1";"21";7
"1345-A-1";"26";7
"1345-A-1";"45";1
"1346-A-3C";"25";9
"1346-A-3C";"26";17
"1346-A-3E";"25";2
"1346-A-3E";"26";17
"1347-A-4";"21";3
"1347-A-4";"25";16
"1348-A-1";"21";37
"1348-A-1";"26";11
"1349-A-1";"25";11
"1349-A-1";"26";47
"135-A-1";"24";5
"135-A-1";"25";1
"135-A-1";"26";2
"1350-A-1";"21";15
"1350-A-1";"26";1
"1350-A-1";"45";5
"1351-A-1";"21";1
"1351-A-1";"25";7
"1351-A-1";"26";18
"1352-A-3C";"25";9
"1352-A-3C";NA;10
"1352-A-3E";"25";35
"1353-A-1";"21";28
"1353-A-1";"215";2
"1354-A-1";"21";32
"1355-A-3E";"21";19
"1355-A-3E";"26";23
"1355-A-3E";"215";1
"1356-A-3C";"21";27
"1356-A-3C";"26";14
"1356-A-3E";"21";14
"1356-A-3E";"26";26
"1357-A-1";"21";11
"1357-A-1";"26";1
"1358-A-1";"21";22
"1358-A-1";"25";13
"1359-A-1";"21";27
"1359-A-1";"26";26
"136-A-1";"24";13
"136-A-1";"25";3
"1360-A-1";"21";9
"1360-A-1";"26";18
"1361-A-1";"25";30
"1362-A-1";"21";5
"1362-A-1";"25";20
"1363-A-1";"21";21
"1364-A-3C";"21";48
"1364-A-3E";"21";15
"1365-A-1";"25";18
"1365-A-1";"26";65
"1366-A-1";"21";1
"1366-A-1";"25";45
"1367-A-1";"25";13
"1367-A-1";"56";5
"1367-A-1";"92";2
"1367-A-1";NA;1
"1368-A-1";"21";8
"1368-A-1";"25";1
"1368-A-1";"26";7
"1368-A-1";NA;35
"137-A-1";"24";1
"137-A-1";"25";1
"1370-A-1";"21";8
"1370-A-1";"25";46
"1372-A-1";"21";39
"1373-A-1";"21";55
"1373-A-1";"25";7
"1373-A-1";NA;1
"1376-A-3C";"21";21
"1376-A-3C";NA;16
"1376-A-3E";"21";2
"1390-A-1";"21";39
"1394-A-3E";"21";6
"1395-A-1";"21";43
"1398-A-1";"21";37
"14-A-4";"25";27
"14-A-4";"45";2
"1402-A-1";"21";29
"1406-A-3C";"21";6
"1406-A-3C";"45";15
"1407-A-1";"45";16
"1408-A-1";"21";16
"1411-A-3C";"45";10
"1411-A-3E";"72";1
"1413-A-1";"45";19
"1414-A-1";"45";6
"1416-A-1";"21";6
"1416-A-1";"25";1
"1416-A-1";"26";27
"1416-A-1";"317";1
"1419-A-1";"21";19
"1419-A-1";"25";10
"1419-A-1";"26";32
"1420-A-1";"45";10
"1420-A-1";"72";1
"1421-A-1";"21";1
"1421-A-1";"25";28
"1421-A-1";"45";8
"1424-A-1";"45";5
"1428-A-3E";"24";2
"1428-A-3E";"45";11
"1429-A-3C";"45";4
"1429-A-3E";"45";4
"1429-A-3E";"95";3
"1430-A-1";"45";1
"1431-A-1";"24";21
"1431-A-1";"26";22
"1432-A-1";"45";1
"1432-A-1";"95";1
"1434-A-1";"24";21
"1434-A-1";"26";10
"1434-A-1";"45";1
"1436-A-1";"24";25
"1436-A-1";"36";1
"1437-A-1";"26";8
"1439-A-1";"45";3
"1441-A-3C";"26";16
"1441-A-3E";"26";39
"1443-A-3C";"26";13
"1443-A-3C";"45";3
"1443-A-3C";NA;19
"1443-A-3E";"26";25
"1444-A-1";"24";7
"1444-A-1";"26";15
"1445-A-1";"45";3
"1446-A-1";"45";5
"1447-A-1";"26";31
"1447-A-1";NA;23
"1448-A-1";"45";5
"145-A-1";"24";11
"1450-A-1";"25";10
"1452-A-1";"21";12
"1452-A-1";"45";14
"1453-A-3C";"21";1
"1453-A-3C";"26";14
"1453-A-3E";"25";6
"1453-A-3E";"26";25
"1454-A-1";"24";9
"1454-A-1";"25";2
"1454-A-1";"26";20
"1454-A-1";"45";9
"1459-A-1";"24";13
"1459-A-1";"25";3
"1459-A-1";"26";3
"1460-A-1";"24";1
"1460-A-1";"26";32
"1464-A-3C";"476";7
"1467-A-4";"26";3
"1469-A-1";"26";14
"1469-A-1";"39";13
"1473-A-3C";"26";15
"1473-A-3E";"26";6
"1474-A-4";"26";4
"1475-A-3C";"26";11
"1475-A-3C";NA;3
"1476-A-1";"26";12
"1477-A-3C";"26";3
"1477-A-3E";"26";4
"1478-A-4C";"39";3
"1479-A-4C";"26";1
"148-A-1";"25";3
"148-A-1";"39";16
"1481-A-1";"26";13
"1482-A-1";"26";7
"1483-A-1";"26";1
"1484-A-1";"45";2
"1485-A-1";"24";20
"1486-A-1";"24";5
"1488-A-3C";"24";3
"1488-A-3C";"26";1
"1488-A-3C";"45";1
"1488-A-3E";"24";1
"1488-A-3E";"25";4
"1488-A-3E";"26";1
"1488-A-3E";"45";2
"1493-A-1";"24";7
"1493-A-1";"26";1
"1493-A-1";NA;1
"1494-A-1";"24";13
"1494-A-1";NA;2
"1495-A-1";"24";11
"1498-A-4";"24";3
"1499-A-1";"24";11
"15-A-1";"45";1
"15-A-1";NA;10
"1500-A-1";"24";17
"1502-A-1";"24";1
"1502-A-1";"45";3
"1503-A-1";"26";15
"151-A-1";"24";2
"151-A-1";"25";7
"1511-A-4";"24";6
"1514-A-3C";"23";2
"1514-A-3E";"23";6
"1516-A-1";"24";2
"1516-A-1";"26";10
"152-A-1";"24";3
"152-A-1";"25";8
"1522-A-1";"23";8
"1522-A-1";"24";4
"1523-A-1";"24";5
"1525-A-1";"24";8
"1525-A-1";"26";3
"1525-A-1";"56";1
"1525-A-1";"57";5
"1525-A-1";NA;9
"1527-A-1";"26";19
"1528-A-1";"24";3
"1528-A-1";"26";8
"1529-A-3C";"24";6
"1529-A-3E";"24";4
"1529-A-3E";"26";6
"1531-A-4";"24";9
"1532-A-1";"24";5
"1532-A-1";"26";2
"1533-A-4C";"24";7
"1533-A-4C";"26";4
"1534-A-3C";"24";2
"1534-A-3E";"24";3
"1536-A-1";"26";5
"1536-A-1";"57";3
"1537-A-1";"24";6
"1537-A-1";"26";6
"1538-A-1";"26";14
"1539-A-3C";"24";13
"1539-A-3C";"26";1
"1539-A-3E";"24";8
"154-A-1";"24";14
"154-A-1";"25";18
"154-A-1";NA;1
"1540-A-4";"24";3
"1543-A-1";"24";1
"1543-A-1";"26";21
"1545-A-3C";"23";3
"1545-A-3C";"26";3
"1545-A-3C";NA;2
"1545-A-3E";"24";2
"1545-A-3E";"26";4
"1546-A-4";"24";1
"1547-A-1";"26";4
"1548-A-1";"24";1
"1548-A-1";"26";8
"1549-A-1";"26";12
"1549-A-1";"45";3
"1549-A-1";NA;1
"155-A-1";"24";6
"1550-A-4";"24";13
"1550-A-4";"26";2
"1551-A-1";"24";14
"1552-A-1";"24";21
"1552-A-1";"26";1
"1552-A-1";NA;1
"1553-A-1";"24";21
"1554-A-1";"24";16
"1555-A-1";"24";12
"1556-A-1";"24";27
"1556-A-1";"26";1
"1556-A-1";NA;2
"1557-A-4C";"24";2
"1560-A-1";"24";14
"1560-A-1";"26";1
"1562-A-1";"24";4
"1562-A-1";"26";3
"1564-A-1";"26";3
"1566-A-1";"24";8
"1567-A-1";"24";5
"1568-A-1";"24";10
"1568-A-1";"26";1
"1568-A-1";NA;3
"1570-A-3C";"24";18
"1570-A-3C";"45";1
"1570-A-3E";"24";11
"1574-A-1";"26";10
"1575-A-3C";"23";3
"1575-A-3C";"24";1
"1575-A-3C";"25";1
"1575-A-3C";"26";3
"1575-A-3C";"45";9
"1575-A-3C";"356";1
"1576-A-3C";"26";27
"1576-A-3E";"26";31
"1578-A-1";"26";25
"1579-A-4";"26";7
"158-A-4C";"45";1
"1580-A-4";"26";9
"1581-A-1";"26";12
"1582-A-1";NA;9
"1583-A-1";NA;20
"1584-A-1";"24";15
"1585-A-1";"24";35
"1586-A-1";"24";8
"1587-A-3C";"26";1
"1589-A-1";"57";8
"1589-A-1";"75";1
"1592-A-3C";"26";7
"1592-A-3E";"26";7
"1593-A-1";"26";14
"1595-A-1";"26";11
"1595-A-1";"43";18
"1595-A-1";NA;4
"1597-A-1";"26";1
"1599-A-1";NA;16
"16-A-1";"25";5
"16-A-1";NA;2
"160-A-1";"45";11
"1600-A-1";"24";11
"1600-A-1";NA;1
"1603-A-1";"24";7
"1604-A-1";"26";6
"1608-A-4";"26";3
"1609-A-1";"26";15
"161-A-1";"25";17
"1613-A-1";"26";9
"1615-A-1";NA;12
"1617-A-1";"24";5
"1617-A-1";"26";8
"1619-A-1";"24";1
"162-A-1";"25";27
"1620-A-4";"26";6
"1622-A-1";"26";5
"163-A-1";"24";19
"1632-A-1";"24";13
"1633-A-1";"24";7
"1635-A-1";"24";8
"1636-A-1";"24";12
"1644-A-1";"24";1
"1644-A-1";"26";8
"1645-A-1";"26";9
"1646-A-1";NA;17
"1647-A-1";"24";11
"1648-A-3C";"24";3
"1648-A-3C";NA;7
"1648-A-3E";"24";4
"165-A-1";"24";1
"165-A-1";"25";7
"1650-A-1";"26";2
"1653-A-1";"26";29
"1656-A-1";NA;14
"1657-A-1";"24";20
"1657-A-1";NA;2
"1658-A-1";"24";9
"166-A-3C";"24";1
"166-A-3C";"25";7
"166-A-3E";"25";7
"1662-A-1";"26";7
"1663-A-1";"24";4
"1663-A-1";NA;5
"1664-A-1";"24";6
"1665-A-1";"24";7
"1667-A-1";"24";41
"1670-A-3C";"22";13
"1672-A-1";"45";21
"1674-A-1";"21";24
"1675-A-1";"21";14
"1677-A-1";"24";7
"1678-A-1";NA;14
"168-A-3C";"25";1
"168-A-3C";"45";4
"1682-A-1";"21";19
"1688-A-3C";"21";14
"1688-A-3C";NA;1
"1688-A-3E";"21";1
"1689-A-3C";"43";2
"1689-A-3C";"857";1
"1689-A-3E";"43";16
"169-A-1";"25";48
"1691-A-1";"21";4
"1691-A-1";"45";12
"1692-A-1";"21";31
"1692-A-1";"43";6
"1692-A-1";"45";1
"1694-A-4";"21";2
"1695-A-3C";"45";21
"1696-A-3C";"21";24
"1696-A-3C";"25";24
"1696-A-3E";"25";2
"1698-A-1";NA;84
"1699-A-1";"43";15
"1699-A-1";"45";6
"1699-A-1";NA;3
"17-A-1";"25";7
"17-A-1";"45";4
"17-A-1";"276";1
"17-A-1";NA;3
"170-A-1";"24";3
"1701-A-3C";"21";30
"1701-A-3E";"21";3
"1701-A-3E";"25";38
"1703-A-1";"72";9
"1704-A-1";"43";4
"1705-A-1";"43";12
"1707-A-3C";"21";40
"1707-A-3E";"21";44
"1709-A-1";"21";24
"171-A-3C";"24";6
"171-A-3E";"24";14
"1710-A-1";"45";20
"1711-A-1";"43";20
"1711-A-1";"45";8
"1711-A-1";"57";1
"1712-A-1";"43";9
"1712-A-1";NA;2
"1713-A-3C";"43";12
"1713-A-3E";"43";1
"1719-A-1";"43";19
"1719-A-1";NA;1
"1721-A-1";"43";27
"1722-A-4C";"45";1
"1723-A-1";"21";1
"1723-A-1";"26";13
"1723-A-1";"45";6
"1723-A-1";NA;1
"1726-A-1";"25";3
"1726-A-1";"26";15
"1726-A-1";"236";3
"1736-A-1";"24";4
"1737-A-1";"24";22
"1737-A-1";NA;1
"1738-A-4";"24";8
"1744-A-1";"24";7
"1744-A-1";"26";4
"1745-A-1";"24";1
"1746-A-1";"24";3
"1748-A-3C";"24";2
"1748-A-3E";"24";5
"1749-A-1";"24";3
"175-A-1";"45";2
"1752-A-1";"24";19
"1756-A-1";"24";7
"1758-A-1";"46";3
"176-A-1";"45";2
"1761-A-1";"24";8
"1764-A-1";"45";7
"1764-A-1";NA;1
"1766-A-1";"24";1
"1766-A-1";"45";6
"177-A-1";"45";18
"1774-A-1";"25";7
"1774-A-1";"44";2
"1774-A-1";"45";10
"1776-A-4";"26";34
"178-A-1";"25";48
"178-A-1";"45";2
"178-A-1";NA;1
"1791-A-3C";"24";17
"1792-A-1";"24";25
"1794-A-3C";NA;4
"1796-A-1";"24";16
"18-A-4";"25";1
"18-A-4";"45";6
"180-A-1";"24";7
"1800-A-1";"24";4
"1802-A-1";"24";22
"1806-A-1";"24";2
"181-A-1";"24";24
"1810-A-3C";NA;1
"1810-A-3E";"24";6
"1810-A-3E";"67";4
"1811-A-3C";"24";2
"1811-A-3C";NA;1
"1811-A-3E";"24";7
"1812-A-3C";"24";5
"1812-A-3E";"24";4
"1815-A-1";"44";1
"1831-A-3C";"24";11
"1832-A-1";"24";20
"1834-A-1";"24";18
"1834-A-1";"66";3
"1837-A-1";"24";6
"1838-A-1";"26";1
"1838-A-1";"46";11
"1839-A-1";"24";5
"1839-A-1";"46";10
"184-A-1";"24";17
"1841-A-3E";"24";6
"1843-A-1";"24";11
"1843-A-1";NA;3
"1844-A-3C";"24";16
"1844-A-3C";"26";1
"1844-A-3E";"24";31
"1846-A-6C";"258";15
"1848-A-6C";"258";21
"1850-A-6C";"258";35
"1851-A-6C";"258";5
"1852-A-6C";"258";30
"1853-A-6C";"258";21
"1854-A-6C";"258";11
"1855-A-1";"45";1
"1855-A-1";"58";8
"1855-A-1";NA;25
"1859-A-1";"25";4
"1859-A-1";"26";3
"1859-A-1";"58";15
"186-A-3C";"25";5
"186-A-3C";"45";1
"186-A-3E";"45";3
"186-A-3E";"237";1
"1863-A-6C";"258";4
"1864-A-6C";"258";34
"1865-A-6C";"258";5
"1866-A-6C";"258";11
"1867-A-6C";"258";17
"187-A-1";"24";3
"1871-A-6C";"258";4
"1873-A-6C";"258";34
"1875-A-6C";"258";4
"1877-A-6C";"258";23
"1879-A-6C";"258";4
"188-A-1";"24";3
"1881-A-6C";"258";28
"189-A-4";"24";16
"19-A-1";"25";6
"19-A-1";"45";5
"190-A-4";"24";3
"192-A-1";"24";3
"193-A-4";"57";3
"193-A-4";"258";26
"194-A-1";"26";9
"195-A-3C";"24";3
"195-A-3C";"25";5
"195-A-3C";"45";1
"195-A-3E";"24";2
"195-A-3E";"25";4
"195-A-3E";"26";1
"196-A-3C";"45";11
"196-A-3E";"24";7
"196-A-3E";"45";4
"197-A-1";"24";2
"197-A-1";"25";1
"198-A-4C";"45";2
"199-A-1";"24";8
"2-A-1";"45";3
"20-A-1";"25";1
"20-A-1";"45";5
"2000-N-N";"25";9
"2000-N-N";"45";4
"2002-N-N";"25";1
"2003-N-N";"25";7
"2005-N-N";"25";7
"2005-N-N";"45";6
"2006-N-N";"25";6
"2007-N-N";"25";17
"2010-N-N";"25";12
"2011-N-N";"25";1
"2011-N-N";"45";2
"2012-N-N";"45";2
"2013-N-N";"25";2
"2014-N-N";"24";1
"2014-N-N";"25";6
"2015-N-N";"25";11
"2016-N-N";"25";25
"2016-N-N";"45";4
"2018-N-N";"25";4
"202-A-1";"24";1
"202-A-1";"25";2
"2020-N-N";"45";4
"2022-N-N";"25";25
"203-A-1";"25";13
"2030-N-N";"476";1
"2031-N-N";"24";6
"2036-N-N";"25";15
"2037-N-N";"45";3
"2039-N-N";"25";1
"204-A-1";"25";9
"2040-N-N";"25";3
"2040-N-N";"45";4
"2041-N-N";"45";4
"2044-N-N";"24";24
"2045-N-N";"24";8
"2048-N-N";"45";1
"205-A-4";"25";3
"2054-N-N";"24";1
"2055-N-N";"45";4
"2056-N-N";"24";19
"2056-N-N";"45";2
"2058-N-N";"45";1
"2059-N-N";"24";25
"206-A-1";"24";5
"206-A-1";"45";7
"2062-N-N";"24";1
"2062-N-N";"45";11
"2063-N-N";"24";7
"2063-N-N";"45";1
"2064-N-N";"25";8
"2066-N-N";"24";1
"207-A-1";"24";8
"2073-N-N";"24";16
"2074-N-N";"258";9
"2077-N-N";"24";13
"2078-N-N";"258";6
"2079-N-N";"24";5
"208-A-1";"24";4
"208-A-1";NA;1
"2082-N-N";"24";4
"2084-N-N";"258";33
"2087-N-N";"24";1
"2089-N-N";"45";7
"209-A-1";"24";20
"2092-N-N";"45";2
"2094-N-N";"45";1
"2095-N-N";"45";6
"2097-N-N";"45";1
"2099-N-N";"24";3
"21-A-1";"25";11
"21-A-1";"45";8
"210-A-3C";"24";1
"2100-N-N";"45";3
"2103-N-N";"45";2
"2103-N-N";"95";3
"2106-N-N";"95";1
"2107-N-N";"24";2
"2108-N-N";"45";3
"2108-N-N";"95";6
"2110-N-N";"57";1
"2110-N-N";"58";11
"2111-N-N";"56";2
"2111-N-N";"57";1
"2113-N-N";"24";1
"2113-N-N";"45";2
"2116-N-N";"24";1
"2117-N-N";"24";10
"212-A-1";"24";2
"2121-N-N";"24";4
"2122-N-N";"24";5
"2123-N-N";"24";1
"2125-N-N";"257";1
"2126-N-N";"258";11
"2128-N-N";"53";2
"2129-N-N";"258";24
"2134-N-N";"24";2
"2136-N-N";"24";1
"2138-N-N";"24";1
"2142-N-N";"55";19
"2143-N-N";"24";1
"2144-N-N";"53";1
"2147-N-N";"45";2
"2149-N-N";"258";12
"215-A-1";"24";8
"2150-N-N";"24";14
"2151-N-N";"45";3
"2152-N-N";"24";2
"2155-N-N";"24";7
"2156-N-N";"45";1
"2158-N-N";"45";3
"2159-N-N";"45";3
"216-A-1";"25";1
"2160-N-N";"45";4
"2162-N-N";"44";2
"2162-N-N";"51";6
"2162-N-N";"55";4
"2162-N-N";"57";7
"2162-N-N";"58";7
"2164-N-N";"66";2
"2165-N-N";"45";17
"2166-N-N";"45";4
"2167-N-N";"45";2
"2167-N-N";"95";1
"2168-N-N";"58";1
"2168-N-N";"258";48
"2169-N-N";"45";7
"217-A-1";"24";10
"2170-N-N";"45";2
"2172-N-N";"45";3
"2173-N-N";"45";3
"2174-N-N";"45";6
"2175-N-N";"45";1
"2176-N-N";"45";7
"2178-N-N";"45";11
"2179-N-N";"45";1
"218-A-3C";"24";2
"218-A-3C";"45";7
"218-A-3E";"24";1
"2181-N-N";"24";8
"2182-N-N";"45";1
"2184-N-N";"45";3
"2185-N-N";"45";5
"2190-N-N";"45";2
"2193-N-N";"24";12
"2194-N-N";"45";4
"2198-N-N";"258";44
"2199-N-N";"24";14
"2199-N-N";"25";1
"2200-N-N";"258";21
"2201-N-N";"24";12
"2203-N-N";"45";5
"2204-N-N";"24";7
"2206-N-N";"24";12
"2207-N-N";"45";2
"2208-N-N";"258";23
"2209-N-N";"24";1
"221-A-1";"25";32
"221-A-1";NA;5
"2210-N-N";"258";29
"2212-N-N";"258";46
"2213-N-N";"25";3
"2214-N-N";"258";43
"222-A-1";"25";4
"222-A-1";NA;1
"2220-N-N";"21";5
"2222-N-N";"45";2
"2224-N-N";"45";7
"2225-N-N";"258";36
"2226-N-N";"25";5
"2228-N-N";"25";2
"2229-N-N";"21";17
"2229-N-N";"25";14
"2232-N-N";"25";15
"2234-N-N";"24";1
"2236-N-N";"24";11
"2237-N-N";"24";1
"2237-N-N";"45";3
"224-A-1";"24";6
"224-A-1";"45";1
"2241-N-N";"24";4
"2241-N-N";"45";2
"2242-N-N";"24";1
"2244-N-N";"26";19
"2245-N-N";"24";4
"2245-N-N";"26";1
"2246-N-N";"25";13
"2246-N-N";"26";3
"2247-N-N";"24";8
"2247-N-N";"26";5
"2248-N-N";"24";12
"2248-N-N";"45";2
"2249-N-N";"45";5
"2249-N-N";"57";1
"225-A-3C";"24";7
"225-A-3C";"25";3
"2253-N-N";"53";27
"2254-N-N";"66";1
"2255-N-N";"45";3
"2256-N-N";"45";4
"2257-N-N";"45";8
"2260-N-N";"45";4
"2263-N-N";"45";6
"2264-N-N";"45";13
"2265-N-N";"24";5
"2265-N-N";"45";1
"2267-N-N";"24";14
"2269-N-N";"45";9
"2271-N-N";"258";29
"2272-N-N";"258";13
"2273-N-N";"258";36
"2274-N-N";"258";20
"2275-N-N";"258";20
"2277-N-N";"51";2
"2279-N-N";"45";5
"2281-N-N";"44";7
"2281-N-N";"45";1
"2285-N-N";"45";3
"2285-N-N";"51";5
"2288-N-N";"258";18
"2289-N-N";"258";22
"229-A-1";"24";19
"2290-N-N";"258";1
"2291-N-N";"258";37
"2292-N-N";"258";17
"2294-N-N";"258";18
"2295-N-N";"45";5
"2296-N-N";"258";23
"2297-N-N";"45";20
"2299-N-N";"258";21
"23-A-4";"25";4
"23-A-4";"215";2
"230-A-3C";"24";3
"230-A-3C";"25";2
"230-A-3C";"45";3
"230-A-3E";"45";3
"2300-N-N";"45";3
"2301-N-N";"45";1
"2303-N-N";"44";6
"2303-N-N";"45";10
"2304-N-N";"45";17
"2306-N-N";"45";5
"2307-N-N";"24";33
"2308-N-N";"24";3
"2310-N-N";"26";30
"2311-N-N";"25";2
"2311-N-N";"45";12
"2312-N-N";"25";3
"2313-N-N";"26";2
"2314-N-N";"26";1
"2314-N-N";"44";3
"2315-N-N";"45";1
"2319-N-N";"45";11
"232-A-1";"24";4
"232-A-1";"45";2
"2320-N-N";"45";7
"2321-N-N";"45";24
"2323-N-N";"24";16
"2323-N-N";"26";1
"2324-N-N";"45";14
"2325-N-N";"45";1
"2326-N-N";"45";16
"2327-N-N";"45";7
"2328-N-N";"26";1
"2328-N-N";"215";3
"2329-N-N";"43";11
"2329-N-N";"45";6
"2329-N-N";"215";6
"233-A-1";"24";16
"233-A-1";"45";9
"2332-N-N";"45";3
"2333-N-N";"258";25
"2335-N-N";"24";2
"2337-N-N";"24";3
"2338-N-N";"45";2
"2339-N-N";"26";10
"2339-N-N";"45";1
"234-A-1";"24";1
"234-A-1";"25";17
"2342-N-N";"26";3
"2345-N-N";"24";1
"2345-N-N";"26";1
"2346-N-N";"25";1
"2346-N-N";"26";4
"2347-N-N";"26";8
"2350-N-N";"21";17
"2350-N-N";"25";19
"2351-N-N";"25";17
"2352-N-N";"25";7
"2353-N-N";"25";8
"2354-N-N";"25";9
"2355-N-N";"17";3
"2355-N-N";"58";9
"2355-N-N";"215";5
"2357-N-N";"25";1
"2358-N-N";"66";4
"2359-N-N";"45";1
"236-A-1";"24";3
"2360-N-N";"45";2
"2364-N-N";"45";6
"2366-N-N";"45";2
"2367-N-N";"44";1
"2367-N-N";"45";1
"2367-N-N";"93";2
"2367-N-N";"215";1
"2368-N-N";"44";4
"2369-N-N";"45";10
"237-A-1";"25";26
"2370-N-N";"45";1
"2372-N-N";"24";1
"2372-N-N";"45";5
"2374-N-N";"45";8
"2375-N-N";"45";1
"2377-N-N";"45";11
"238-A-1";"24";15
"238-A-1";"25";2
"238-A-1";NA;2
"2380-N-N";"45";1
"2381-N-N";"45";4
"2381-N-N";"95";1
"2382-N-N";"45";31
"2384-N-N";"258";32
"2385-N-N";"95";9
"2385-N-N";"215";1
"2386-N-N";"95";1
"2387-N-N";"45";8
"2388-N-N";"45";4
"2389-N-N";"24";8
"239-A-1";"25";7
"239-A-1";"45";4
"2390-N-N";"24";2
"2390-N-N";"26";26
"2390-N-N";"45";2
"2391-N-N";"24";24
"2392-N-N";"45";3
"2398-N-N";"45";2
"24-A-1";"25";25
"2401-N-N";"55";4
"2401-N-N";"657";13
"2405-N-N";"21";4
"2405-N-N";"25";8
"2408-N-N";"26";3
"2408-N-N";"45";1
"2409-N-N";"26";6
"2412-N-N";"26";4
"2414-N-N";"21";14
"2418-N-N";"45";1
"242-A-1";"24";26
"2420-N-N";"21";15
"2421-N-N";"45";3
"2422-N-N";"24";1
"2422-N-N";"26";14
"2423-N-N";"21";19
"2424-N-N";"21";18
"2424-N-N";"26";11
"2425-N-N";"21";28
"2426-N-N";"21";9
"2426-N-N";"22";11
"2427-N-N";"22";5
"2429-N-N";"21";42
"243-A-1";"24";1
"243-A-1";"25";28
"2430-N-N";"17";13
"2430-N-N";"25";14
"2430-N-N";"29";9
"2431-N-N";"21";40
"2432-N-N";"21";22
"2432-N-N";"22";2
"2433-N-N";"21";14
"2433-N-N";"25";18
"2434-N-N";"45";20
"2435-N-N";"21";9
"2435-N-N";"25";9
"2436-N-N";"21";23
"2436-N-N";"25";22
"2438-N-N";"21";12
"2438-N-N";"29";24
"244-A-1";"24";7
"2440-N-N";"21";1
"2440-N-N";"25";20
"2441-N-N";"45";18
"2442-N-N";"45";12
"2444-N-N";"45";8
"2446-N-N";"45";1
"2448-N-N";"95";13
"2449-N-N";"45";7
"2450-N-N";"45";2
"2451-N-N";"45";1
"2452-N-N";"24";20
"2452-N-N";"236";2
"2452-N-N";"336";4
"2453-N-N";"45";4
"2454-N-N";"45";1
"2455-N-N";"45";7
"2456-N-N";"45";6
"2458-N-N";"45";2
"2461-N-N";"39";4
"2462-N-N";"24";1
"2464-N-N";"45";5
"2465-N-N";"45";5
"2467-N-N";"24";4
"247-A-1";"45";1
"2471-N-N";"24";9
"2473-N-N";"24";4
"2474-N-N";"24";2
"2475-N-N";"24";7
"2476-N-N";"24";2
"2476-N-N";"26";1
"2477-N-N";"24";7
"2477-N-N";"26";3
"2478-N-N";"24";1
"248-A-3C";"24";14
"248-A-3E";"24";28
"248-A-3E";"25";4
"2481-N-N";"23";3
"2481-N-N";"26";11
"2483-N-N";"26";9
"2486-N-N";"26";9
"2487-N-N";"24";5
"2487-N-N";"26";6
"2488-N-N";"45";1
"249-A-4";"24";16
"2490-N-N";"24";18
"2492-N-N";"24";1
"2492-N-N";"26";1
"2495-N-N";"24";6
"2496-N-N";"95";6
"2497-N-N";"25";5
"2497-N-N";"26";4
"2499-N-N";"21";31
"25-A-1";"25";16
"2500-N-N";"57";5
"2503-N-N";"22";3
"2504-N-N";"21";4
"2504-N-N";"25";3
"2504-N-N";"43";10
"2505-N-N";"26";1
"2506-N-N";"21";34
"2507-N-N";"45";11
"251-A-1";"24";10
"2510-N-N";"45";14
"2511-N-N";"17";14
"2511-N-N";"21";4
"2511-N-N";"25";2
"2511-N-N";"26";14
"2514-N-N";"21";12
"2514-N-N";"25";4
"2514-N-N";"26";1
"2514-N-N";"45";5
"2514-N-N";"92";18
"2515-N-N";"43";6
"2515-N-N";"45";1
"2516-N-N";"23";1
"2516-N-N";"24";8
"2516-N-N";"26";3
"2517-N-N";"45";8
"2518-N-N";"45";5
"2519-N-N";"24";2
"2520-N-N";"43";1
"2520-N-N";"45";1
"2522-N-N";"45";3
"2523-N-N";"45";5
"2526-N-N";"45";1
"2527-N-N";"11";18
"2527-N-N";"58";3
"2527-N-N";"257";3
"2528-N-N";"24";1
"2528-N-N";"25";1
"2528-N-N";"26";2
"253-A-4";"24";6
"253-A-4";"25";10
"2530-N-N";"24";2
"2531-N-N";"45";6
"2532-N-N";"45";25
"2533-N-N";"45";3
"2533-N-N";"72";1
"2536-N-N";"25";2
"2537-N-N";"24";1
"2538-N-N";"21";1
"2538-N-N";"25";23
"2539-N-N";"21";1
"2539-N-N";"25";1
"2539-N-N";"26";19
"254-A-1";"24";35
"2541-N-N";"26";6
"2543-N-N";"53";8
"2543-N-N";"57";1
"2544-N-N";"55";1
"2548-N-N";"58";13
"2548-N-N";"99";2
"255-A-1";"24";18
"255-A-1";"39";1
"2551-N-N";"24";5
"2555-N-N";"45";3
"2556-N-N";"45";15
"2557-N-N";"45";10
"256-A-4";"24";18
"2566-N-N";"24";5
"257-A-1";"24";1
"257-A-1";"25";1
"257-A-1";"39";2
"2571-N-N";"45";1
"2573-N-N";"46";16
"2576-N-N";"66";1
"2576-N-N";"357";5
"2579-N-N";"24";10
"258-A-1";"24";1
"2580-N-N";"95";3
"2584-N-N";"24";2
"2584-N-N";"26";1
"26-A-4";"25";5
"26-A-4";"45";23
"261-A-1";"24";4
"261-A-1";"45";1
"262-A-4C";"24";1
"263-A-1";"24";12
"266-A-1";"24";8
"267-A-4C";"45";1
"27-A-1";"25";16
"27-A-1";"45";7
"27-A-1";NA;1
"271-A-1";"45";4
"274-A-3C";"24";3
"28-A-3C";"25";14
"28-A-3E";"25";10
"280-A-4";"24";8
"282-A-4";"25";2
"283-A-1";"24";3
"284-A-1";"24";5
"285-A-1";"24";17
"288-A-1";"24";4
"289-A-1";"24";4
"29-A-1";"25";5
"29-A-1";NA;4
"290-A-1";"24";2
"294-A-4";"24";3
"294-A-4";"45";2
"296-A-1";"24";4
"3-A-1";"45";5
"30-A-1";"45";8
"300-A-1";"24";3
"301-A-1";"24";4
"301-A-1";"45";5
"302-A-1";"24";11
"303-A-1";"24";2
"303-A-1";"45";10
"305-A-1";"24";10
"306-A-1";"24";8
"307-A-1";"24";10
"308-A-1";"24";4
"309-A-1";"24";14
"31-A-1";"44";4
"310-A-1";"24";4
"310-A-1";NA;1
"311-A-1";"24";16
"312-A-1";"24";1
"312-A-1";"45";2
"314-A-1";"24";7
"315-A-1";"24";7
"316-A-1";"24";6
"317-A-1";"24";3
"317-A-1";"45";5
"318-A-1";"24";17
"32-A-4";"25";3
"320-A-1";"24";7
"324-A-1";"24";5
"327-A-1";"24";11
"328-A-1";"24";4
"33-A-1";"25";12
"33-A-1";"45";2
"330-A-1";"24";11
"331-A-1";"24";20
"333-A-1";"24";10
"335-A-1";"24";6
"336-A-1";"24";9
"338-A-1";"24";1
"339-A-4";"24";2
"34-A-1";"25";19
"340-A-1";"24";7
"342-A-1";"24";12
"343-A-1";"24";14
"345-A-4C";"24";7
"35-A-1";"25";13
"351-A-4C";"24";1
"352-A-1";"24";2
"358-A-1";"24";14
"359-A-1";"24";3
"360-A-1";"24";5
"361-A-1";"24";10
"362-A-1";"24";2
"363-A-1";"24";12
"364-A-1";"24";5
"365-A-1";"24";9
"368-A-1";"24";10
"37-A-3C";"25";3
"37-A-3C";"45";5
"37-A-3E";"25";13
"37-A-3E";"26";6
"37-A-3E";"45";3
"371-A-1";"24";9
"379-A-1";"24";1
"38-A-4C";"45";1
"381-A-4";"51";3
"384-A-1";"24";2
"39-A-4";"24";1
"39-A-4";"45";5
"391-A-1";"24";5
"399-A-1";"24";1
"399-A-1";"45";1
"4-A-1";"25";4
"4-A-1";"45";3
"400-A-1";"24";5
"41-A-1";"25";5
"410-A-1";"24";11
"411-A-1";"24";16
"416-A-1";"24";4
"418-A-3C";"24";5
"418-A-3E";"24";2
"42-A-1";"25";9
"423-A-1";"24";6
"429-A-1";"24";22
"429-A-1";NA;3
"43-A-1";"25";10
"430-A-4";"24";10
"431-A-1";"24";12
"432-A-1";"24";9
"435-A-1";"24";20
"437-A-1";"24";7
"437-A-1";"45";1
"438-A-1";"24";5
"439-A-4";"24";9
"44-A-1";"25";12
"440-A-4";"24";4
"441-A-4";"24";10
"444-A-4C";"45";1
"445-A-4";"24";4
"447-A-4";"24";7
"448-A-3C";"24";2
"448-A-3E";"24";4
"449-A-3C";"45";1
"45-A-1";"24";2
"45-A-1";"25";5
"451-A-1";"24";8
"451-A-1";"45";3
"452-A-1";"45";4
"454-A-1";"45";14
"457-A-1";"24";11
"458-A-1";"24";12
"458-A-1";"45";1
"459-A-1";"24";1
"46-A-1";"24";10
"46-A-1";"25";1
"46-A-1";NA;5
"460-A-1";"45";13
"461-A-1";"45";1
"462-A-4C";"45";3
"463-A-4C";"45";5
"465-A-4";"24";1
"465-A-4";"25";9
"468-A-4";"45";14
"469-A-1";"45";2
"47-A-1";"24";7
"47-A-1";"25";10
"47-A-1";"45";2
"47-A-1";NA;1
"471-A-1";"45";3
"471-A-1";NA;2
"474-A-1";"45";4
"475-A-1";"45";2
"477-A-1";"45";7
"478-A-4";"45";15
"479-A-4C";"45";8
"48-A-1";"24";20
"48-A-1";NA;4
"480-A-4";"45";5
"483-A-4";"45";1
"484-A-1";"45";6
"487-A-4";"45";16
"488-A-4";"45";5
"489-A-4";"45";4
"49-A-1";"24";9
"49-A-1";"45";3
"49-A-1";NA;7
"491-A-3C";"45";14
"492-A-3C";"45";3
"492-A-3E";"24";2
"493-A-1";"24";12
"493-A-1";"45";2
"496-A-4";"24";2
"5-A-1";"25";4
"5-A-1";"45";5
"5-A-1";NA;2
"500-A-1";"24";8
"502-A-1";"24";20
"504-A-1";"24";18
"505-A-4";"24";1
"505-A-4";"26";21
"506-A-1";"24";9
"508-A-4";"24";1
"509-A-1";"24";8
"509-A-1";"45";1
"510-A-1";"24";18
"511-A-1";"24";8
"511-A-1";"45";8
"513-A-4";"24";18
"514-A-4";"24";12
"515-A-1";"24";8
"516-A-1";"24";25
"516-A-1";"45";3
"518-A-3C";"45";4
"518-A-3C";NA;2
"518-A-3E";"45";6
"519-A-1";"45";2
"524-A-1";"45";6
"525-A-1";"45";1
"526-A-1";"45";6
"53-A-1";"25";7
"532-A-1";"44";2
"532-A-1";"45";11
"534-A-1";"45";9
"535-A-1";"45";29
"536-A-1";"45";6
"538-A-4";"45";2
"539-A-1";"45";1
"54-A-1";"25";6
"540-A-4C";"45";1
"541-A-1";"45";5
"542-A-4";"45";5
"543-A-4C";"45";1
"547-A-1";"45";4
"548-A-1";"45";2
"55-A-1";"24";3
"55-A-1";"25";12
"550-A-1";"45";1
"551-A-1";"45";4
"554-A-4";"24";4
"556-A-3C";"45";6
"559-A-1";"45";7
"56-A-1";"25";9
"562-A-1";"45";5
"564-A-1";"24";14
"565-A-1";"24";18
"567-A-4C";"45";5
"569-A-4";"24";14
"570-A-1";"45";5
"573-A-1";"24";1
"573-A-1";"45";1
"577-A-1";"24";5
"577-A-1";"45";2
"58-A-1";"45";15
"586-A-1";"45";4
"589-A-1";"45";3
"590-A-1";"45";3
"594-A-1";"24";27
"595-A-1";"24";32
"596-A-1";"24";1
"597-A-1";"24";21
"598-A-1";"24";22
"599-A-1";"24";1
"6-A-1";"25";6
"6-A-1";"45";18
"60-A-1";"25";2
"60-A-1";"45";12
"60-A-1";NA;8
"600-A-3E";"24";10
"602-A-1";"45";11
"604-A-1";"24";7
"605-A-3C";"24";11
"605-A-3E";"24";8
"606-A-1";"24";6
"607-A-1";"24";12
"608-A-4";"45";11
"609-A-1";"45";2
"61-A-1";"45";9
"610-A-4";"24";2
"612-A-1";"24";13
"613-A-1";"24";2
"615-A-1";"24";6
"616-A-1";"24";17
"617-A-1";"24";7
"618-A-1";"24";6
"619-A-3E";"24";14
"620-A-1";"24";20
"623-A-1";"57";4
"623-A-1";"95";1
"623-A-1";"97";15
"625-A-1";"24";5
"632-A-1";"24";4
"635-A-1";"24";6
"64-A-4";"25";1
"64-A-4";"237";2
"640-A-1";"24";6
"641-A-1";"24";22
"642-A-1";"45";3
"644-A-1";"24";4
"649-A-1";"24";2
"65-A-1";"45";6
"650-A-1";"24";2
"651-A-1";"24";5
"653-A-1";"24";14
"654-A-1";"24";9
"655-A-1";"24";12
"655-A-1";"25";2
"657-A-1";"24";2
"657-A-1";"45";3
"659-A-3C";"25";4
"659-A-3E";"25";20
"660-A-3C";"25";7
"660-A-3C";"26";2
"660-A-3E";"25";16
"660-A-3E";"26";2
"661-A-1";"25";2
"662-A-1";"25";1
"663-A-1";"25";16
"664-A-1";"25";19
"667-A-1";"25";15
"668-A-1";"25";21
"669-A-1";"25";2
"669-A-1";"45";1
"67-A-1";"25";1
"67-A-1";"45";1
"67-A-1";"237";4
"670-A-1";"25";2
"672-A-1";"21";11
"673-A-1";"21";7
"674-A-1";"21";14
"680-A-4";"24";20
"682-A-1";"24";10
"683-A-1";"24";15
"683-A-1";"45";3
"684-A-4";"24";18
"684-A-4";"45";2
"685-A-1";"24";3
"686-A-1";"24";11
"689-A-1";"24";8
"690-A-1";"24";19
"691-A-1";"24";5
"692-A-1";"24";8
"693-A-1";"24";1
"695-A-1";"45";1
"696-A-1";"24";17
"698-A-1";"26";2
"699-A-1";"24";14
"699-A-1";"26";10
"7-A-1";"45";14
"701-A-1";"24";5
"702-A-1";"26";39
"703-A-1";"26";36
"703-A-1";"45";2
"707-A-1";"24";1
"707-A-1";"45";2
"708-A-1";"24";7
"708-A-1";"26";8
"709-A-1";"24";2
"709-A-1";"25";12
"709-A-1";"26";15
"71-A-4";"25";6
"71-A-4";"237";4
"710-A-1";"24";4
"711-A-1";"25";1
"711-A-1";"26";14
"712-A-1";"24";12
"713-A-3C";"25";7
"713-A-3C";"45";1
"713-A-3E";"25";10
"713-A-3E";"45";4
"714-A-1";"25";39
"715-A-1";"24";2
"715-A-1";"45";11
"716-A-1";"25";1
"716-A-1";"26";1
"716-A-1";"45";6
"717-A-1";"21";2
"717-A-1";"25";26
"717-A-1";NA;2
"718-A-1";"25";5
"719-A-1";"45";5
"72-A-4";"45";17
"721-A-1";"21";8
"729-A-1";"24";16
"733-A-1";"26";30
"733-A-1";NA;3
"734-A-1";"25";12
"734-A-1";"26";27
"734-A-1";"58";3
"734-A-1";"215";1
"734-A-1";"757";3
"735-A-1";"25";11
"735-A-1";"26";8
"736-A-1";"25";7
"736-A-1";"26";7
"737-A-1";"24";5
"738-A-4C";"24";1
"740-A-1";"25";6
"742-A-1";"21";1
"743-A-1";"25";11
"744-A-1";"24";1
"744-A-1";"26";5
"745-A-4C";"24";1
"745-A-4C";"26";5
"748-A-4";"21";1
"748-A-4";"25";1
"749-A-1";"21";12
"75-A-1";"25";33
"750-A-3C";"25";2
"750-A-3C";"26";2
"750-A-3E";"25";1
"750-A-3E";"26";2
"750-A-3E";"45";1
"751-A-1";"25";1
"751-A-1";"26";16
"752-A-1";"25";2
"752-A-1";"26";1
"752-A-1";"58";21
"753-A-4C";"26";3
"754-A-4C";"24";8
"755-A-1";"21";14
"755-A-1";"25";11
"756-A-1";"25";6
"757-A-1";"58";5
"758-A-1";"26";38
"759-A-1";"25";2
"759-A-1";"26";22
"760-A-1";"26";2
"762-A-1";"26";3
"763-A-4C";"26";3
"764-A-3C";"24";12
"764-A-3C";"45";2
"764-A-3E";"24";19
"766-A-3C";"24";2
"766-A-3C";"45";3
"766-A-3E";"24";17
"767-A-1";"24";5
"769-A-1";"45";11
"77-A-3C";"25";50
"77-A-3E";"25";16
"770-A-1";"45";17
"771-A-3C";"45";5
"771-A-3E";"45";3
"772-A-3C";"45";12
"772-A-3E";"45";1
"775-A-1";"45";8
"776-A-1";"45";2
"777-A-1";"45";18
"78-A-1";"25";14
"780-A-1";"45";8
"784-A-3C";"24";4
"784-A-3C";"45";5
"784-A-3E";"24";4
"79-A-3C";"25";1
"79-A-3C";"45";2
"79-A-3E";"45";3
"790-A-3C";"24";5
"790-A-3E";"24";7
"790-A-3E";"45";1
"792-A-3C";"24";5
"792-A-3C";"45";10
"792-A-3E";"24";14
"792-A-3E";"45";3
"794-A-3C";"24";7
"794-A-3E";"24";18
"795-A-3C";"44";3
"795-A-3C";"45";6
"795-A-3E";"24";7
"797-A-3C";"24";11
"797-A-3C";"95";3
"797-A-3E";"24";17
"798-A-1";"45";3
"799-A-1";"45";1
"8-A-1";"25";1
"8-A-1";"45";5
"801-A-1";"45";6
"81-A-4";"25";18
"810-A-1";"24";2
"813-A-1";"24";1
"813-A-1";"26";3
"814-A-1";"26";17
"814-A-1";"45";2
"814-A-1";NA;16
"816-A-1";"17";1
"816-A-1";"26";14
"816-A-1";NA;3
"817-A-3C";"24";41
"818-A-3C";"45";8
"818-A-3E";"45";11
"82-A-1";"25";27
"820-A-1";"24";2
"820-A-1";NA;1
"822-A-6C";"258";39
"824-A-1";"26";8
"824-A-1";NA;21
"825-A-1";"26";1
"826-A-6C";"258";14
"827-A-6C";"258";4
"828-A-6C";"258";39
"829-A-6C";"258";17
"830-A-6C";"258";27
"833-A-6C";"258";2
"834-A-6C";"258";18
"84-A-4C";"45";4
"84-A-4C";"237";2
"841-A-4";"45";4
"85-A-1";"25";3
"85-A-1";"45";16
"85-A-1";"237";1
"85-A-1";NA;1
"851-A-1";"45";3
"852-A-1";"45";16
"853-A-1";"24";21
"854-A-1";"24";25
"855-A-3C";"17";10
"855-A-3C";"26";7
"855-A-3C";"58";1
"855-A-3C";"317";2
"855-A-3C";NA;1
"855-A-3E";"51";2
"856-A-1";"21";1
"856-A-1";"25";15
"856-A-1";"26";10
"856-A-1";"45";1
"856-A-1";NA;4
"858-A-4";"45";4
"859-A-4";"45";18
"86-A-1";"45";3
"860-A-3E";"24";16
"861-A-1";"21";3
"861-A-1";"24";1
"861-A-1";"25";22
"862-A-1";"25";2
"862-A-1";"26";21
"862-A-1";"45";1
"862-A-1";NA;17
"863-A-1";"21";1
"863-A-1";"26";5
"863-A-1";"45";3
"864-A-1";"21";1
"864-A-1";"25";1
"864-A-1";"26";9
"864-A-1";"45";5
"864-A-1";NA;5
"865-A-4";"25";3
"865-A-4";"26";11
"866-A-3C";"24";1
"866-A-3C";"45";1
"866-A-3E";"24";1
"866-A-3E";"45";6
"869-A-1";"24";56
"869-A-1";"26";1
"87-A-1";"24";5
"87-A-1";"25";18
"87-A-1";"237";3
"870-A-1";"24";11
"873-A-4";"25";8
"873-A-4";"26";28
"875-A-4";"21";26
"877-A-1";"26";3
"877-A-1";"45";5
"878-A-1";"21";3
"878-A-1";"25";14
"878-A-1";NA;11
"879-A-1";"45";5
"88-A-4";"25";4
"880-A-1";"45";9
"881-A-4C";"39";1
"881-A-4C";"45";6
"882-A-1";"26";7
"882-A-1";"45";22
"882-A-1";NA;1
"883-A-1";"24";9
"883-A-1";NA;7
"886-A-1";"26";1
"886-A-1";NA;4
"888-A-4C";"24";8
"889-A-1";"24";1
"889-A-1";"25";1
"889-A-1";"26";7
"889-A-1";"45";1
"889-A-1";"58";2
"889-A-1";"215";4
"89-A-1";"25";28
"890-A-1";"26";1
"890-A-1";"44";3
"890-A-1";"45";7
"891-A-1";"45";18
"892-A-1";"21";3
"892-A-1";"25";8
"892-A-1";"26";2
"892-A-1";NA;5
"893-A-3C";"26";19
"893-A-3E";"26";8
"896-A-1";"45";4
"896-A-1";NA;2
"897-A-1";"25";4
"897-A-1";"26";33
"897-A-1";NA;4
"9-A-1";"25";5
"9-A-1";"45";6
"902-A-1";"24";2
"906-A-1";"26";18
"907-A-1";"26";25
"91-A-1";"25";10
"91-A-1";"45";4
"914-A-1";"24";13
"916-A-1";"26";9
"916-A-1";"44";1
"916-A-1";NA;21
"918-A-1";"24";17
"918-A-1";"26";1
"92-A-1";"25";3
"92-A-1";"45";12
"920-A-4";"21";1
"920-A-4";"25";6
"920-A-4";"26";2
"921-A-1";"26";23
"922-A-1";"26";4
"922-A-1";"45";1
"925-A-1";"26";3
"927-A-4";"45";2
"93-A-4";"45";10
"930-A-3C";"24";4
"930-A-3C";NA;4
"930-A-3E";"24";5
"930-A-3E";"26";4
"932-A-3E";"26";1
"933-A-1";"24";9
"933-A-1";"26";2
"933-A-1";"45";7
"934-A-4";"24";2
"934-A-4";"26";3
"935-A-1";"26";45
"936-A-1";"26";21
"936-A-1";NA;10
"937-A-1";"26";27
"939-A-1";"26";22
"939-A-1";NA;1
"94-A-1";"24";4
"94-A-1";"25";15
"943-A-4";"24";5
"943-A-4";"26";5
"943-A-4";"45";3
"95-A-1";"24";4
"95-A-1";"25";10
"951-A-4";"26";14
"952-A-1";"26";1
"952-A-1";"45";9
"953-A-1";"26";1
"953-A-1";"45";8
"954-A-1";"25";1
"954-A-1";"45";36
"955-A-1";"26";2
"955-A-1";"45";12
"956-A-1";"45";15
"958-A-1";"26";1
"959-A-1";"26";1
"96-A-1";"25";18
"960-A-1";"25";1
"960-A-1";"26";13
"962-A-1";"25";7
"962-A-1";"26";4
"962-A-1";"36";11
"967-A-1";"26";3
"97-A-1";"25";25
"970-A-1";"21";2
"970-A-1";"26";1
"970-A-1";"45";4
"971-A-1";"21";9
"971-A-1";"25";15
"972-A-4";"45";16
"973-A-1";"45";8
"973-A-1";"58";5
"973-A-1";"357";8
"975-A-4";"26";3
"98-A-1";"25";3
"980-A-1";"45";11
"983-A-1";"26";6
"985-A-3C";"24";3
"985-A-3C";"26";10
"985-A-3E";"24";1
"985-A-3E";"26";11
"987-A-4C";"45";2
"988-A-4";"26";23
"99-A-1";"25";9
"99-A-1";"45";18
"99-A-1";NA;1
"993-A-1";"26";8
"993-A-1";"45";4
"994-A-1";"26";29
"994-A-1";NA;1
"997-A-1";"21";17
"997-A-1";"26";1
"998-A-1";"26";6
"998-A-1";"45";10
